iso3,year,displaced
BFA,2018,25160.0
BFA,2019,25898.0
BFA,2020,20282.0
BFA,2021,34423.0
BFA,2022,34926.0
BFA,2023,38881.0
BFA,2024,41408.0
ETH,2018,905814.0
ETH,2019,735192.0
ETH,2020,802809.0
ETH,2021,823953.0
ETH,2022,882274.0
ETH,2023,1044197.0
ETH,2024,1072526.0
MLI,2018,27455.0
MLI,2019,27676.0
MLI,2020,48349.0
MLI,2021,50838.0
MLI,2022,61517.0
MLI,2023,66716.0
MLI,2024,135827.0
NER,2018,206102.0
NER,2019,249965.0
NER,2020,274705.0
NER,2021,316830.0
NER,2022,339603.0
NER,2023,350976.0
NER,2024,468385.0
SDN,2018,1099624.0
SDN,2019,1074721.0
SDN,2020,1060009.0
SDN,2021,1134397.0
SDN,2022,1132639.0
SDN,2023,965620.0
SDN,2024,841551.0
SOM,2018,33479.0
SOM,2019,35823.0
SOM,2020,24457.0
SOM,2021,30079.0
SOM,2022,34776.0
SOM,2023,38479.0
SOM,2024,41976.0
SSD,2018,304373.0
SSD,2019,311986.0
SSD,2020,318201.0
SSD,2021,337987.0
SSD,2022,310899.0
SSD,2023,386107.0
SSD,2024,517471.0
TCD,2018,491388.0
TCD,2019,568785.0
TCD,2020,582982.0
TCD,2021,667400.0
TCD,2022,699268.0
TCD,2023,1206380.0
TCD,2024,1603924.0
