iso3,year,u5mr
SOM,1999,104.26295143
SDN,2009,55.718295185
BFA,2014,57.980579073
NER,1974,152.850871129
SSD,1976,162.986652644
SOM,2007,102.845132834
NER,1989,148.056124626
SDN,1959,92.075326661
BFA,1950,182.570717632
SDN,1957,92.873076011
BFA,1999,94.232743872
BFA,1986,109.069784918
TCD,1967,138.901501292
TCD,1957,142.931003093
NER,2006,80.654494053
MLI,2007,83.195656315
BFA,2005,80.264329444
ETH,1979,146.965011217
SSD,2010,78.981867661
ETH,2015,48.025889395
BFA,1990,102.857746155
ETH,1981,145.422888441
ETH,2006,70.927265013
BFA,2019,50.166361424
SDN,1991,83.415707317
NER,2004,89.277151077
BFA,1992,102.264266108
NER,1993,137.982060344
SSD,2011,76.10067085
NER,1971,151.911046041
SSD,1995,147.089690483
SDN,1976,89.98855548
SSD,1984,152.035318863
BFA,1947,184.097644043
TCD,2009,84.924052596
TCD,1990,116.246869388
ETH,1983,193.410168714
TCD,2014,74.767214374
SSD,1987,171.200761819
SOM,2012,112.406801209
SOM,2013,88.9762609
SSD,1986,149.770542838
SSD,1996,143.996535676
TCD,1987,120.858944256
ETH,1974,166.731016552
TCD,1970,137.152887978
NER,2021,69.015283737
SSD,1979,158.319594914
TCD,1962,141.400159158
NER,1991,144.560872102
NER,2010,70.880309032
TCD,1996,108.081075845
MLI,1968,196.561552967
SOM,1990,106.752434775
BFA,1997,97.695270697
BFA,2018,51.608978371
TCD,1973,135.263378402
MLI,2011,75.532874576
SSD,2007,89.015548285
BFA,2023,44.803785879
SDN,1961,91.259269362
TCD,2006,91.033529478
SDN,1982,88.828365397
MLI,2020,62.075638115
SSD,2015,148.49585638
ETH,1980,146.406036221
MLI,1987,131.600455739
BFA,2009,68.171957389
BFA,1977,135.804477993
BFA,1957,175.628436968
SSD,1999,122.89464717
BFA,2021,47.329570687
NER,2023,67.361473972
SDN,2014,50.138001667
MLI,1982,148.175998071
SSD,1971,172.525430292
SDN,2018,45.291700598
SSD,1963,189.927329891
BFA,1996,99.249240603
MLI,2009,79.139592898
TCD,1958,142.666292564
SDN,1975,90.129249824
ETH,1975,166.754969108
BFA,1966,164.413967981
SDN,1988,86.122686682
TCD,1975,133.947305169
NER,1981,140.088603587
SSD,2019,72.61607316
SDN,2019,44.039691078
TCD,2013,76.635627852
TCD,2018,67.356169176
SOM,2009,98.91953147
SSD,2023,72.61607316
ETH,1990,126.697650479
MLI,1980,155.636820444
BFA,2017,53.083098233
BFA,1951,182.054506544
MLI,1966,202.143198073
NER,1976,149.853506593
BFA,1963,167.460170888
TCD,1956,143.375855643
SSD,1954,209.944747053
ETH,1984,190.457312978
MLI,1972,185.793012259
MLI,1975,175.116107648
TCD,1995,109.369940264
SOM,2003,104.26295143
TCD,2000,102.025631949
ETH,1973,145.046942114
SSD,2020,72.61607316
SDN,2020,42.815182188
ETH,1997,102.496207098
SSD,1969,176.75574378
BFA,2003,85.898875281
SSD,1972,170.795230562
ETH,2022,36.972273796
TCD,1954,143.829579057
SDN,1994,80.174000849
ETH,2012,54.460531473
SDN,1974,90.279419294
NER,2002,99.005810649
SSD,1998,234.586071378
SDN,1968,89.816820382
SSD,1997,140.540318932
BFA,1993,102.01361568
SSD,1959,198.764225636
NER,1972,152.999490548
SOM,2023,67.839535028
ETH,2016,45.989250248
MLI,1973,182.480051838
SDN,1980,89.169318072
BFA,1978,131.186621508
MLI,1970,191.265090164
NER,2008,74.456063958
NER,1998,114.96923356
SDN,2011,53.394497219
MLI,1996,113.446817138
TCD,1960,141.974010593
SDN,1956,93.164575911
BFA,1994,101.446935634
BFA,1959,172.930434308
NER,2005,84.760327053
BFA,1958,174.354275029
SDN,2012,52.349825969
SSD,1955,207.440034538
ETH,2014,50.088032669
TCD,2017,69.20401166
SSD,1991,156.001066366
SSD,2000,118.474864428
TCD,1999,103.705547986
NER,1973,153.335529459
MLI,2006,85.403537096
TCD,2010,82.78771925
SDN,1995,78.92867466
SSD,2004,100.758237611
ETH,1968,142.760138816
NER,2001,103.567025283
TCD,1948,145.907692042
ETH,1976,146.603520421
SDN,1983,110.234531531
SOM,1984,105.849983354
SOM,2015,84.066515261
NER,1986,147.690567674
ETH,2009,61.942025015
MLI,1992,120.429656493
BFA,2000,92.445145284
SOM,1986,106.614861214
SDN,1964,90.318278683
TCD,1945,147.009032993
NER,1995,128.440297551
SDN,1960,91.634935028
ETH,1977,146.949605078
SDN,2021,41.579544269
TCD,1968,138.254927875
SSD,1990,157.439950524
SDN,1993,81.323066751
MLI,2014,70.846321198
SSD,1960,196.691734907
MLI,2016,68.010568214
SOM,2014,86.31006168
SDN,1970,89.997253202
ETH,1994,113.753862157
ETH,1991,123.890305538
TCD,1949,145.475595929
SSD,2005,96.627885528
NER,2019,69.54479617
ETH,1971,144.080949935
ETH,2003,81.568407716
BFA,1989,103.695496698
ETH,2018,42.498278288
BFA,1961,170.039831994
BFA,1982,118.462820817
SSD,1968,178.705473592
TCD,1994,110.641517054
MLI,2017,66.592789435
SDN,1996,77.560534732
SDN,1986,87.533834248
NER,1992,141.740966398
NER,1988,148.650705417
BFA,1965,165.361337096
TCD,1976,133.329252989
ETH,1978,147.113409676
TCD,1966,139.438808994
MLI,2012,73.903082256
TCD,1979,131.122414516
SSD,2014,117.662453735
TCD,1963,140.970816703
BFA,1988,105.028747688
MLI,2010,77.304818778
BFA,1949,183.056276183
TCD,2001,100.275920851
BFA,1980,123.833031427
SDN,2022,40.310863902
BFA,2010,65.690661303
TCD,1978,131.943352925
ETH,2000,92.170702152
MLI,2013,72.346191127
SSD,2002,109.583448044
BFA,2008,70.952712709
SDN,2004,68.2351308
NER,1982,140.718665347
ETH,1967,142.246977397
NER,2015,69.252261009
SOM,1989,107.509509396
ETH,1982,143.955759635
SDN,1984,109.516023208
TCD,1944,147.634473547
ETH,2010,59.322655462
ETH,2017,44.180234658
ETH,1988,131.498684515
TCD,1974,134.673729879
MLI,1971,188.630299742
SDN,2017,46.474861985
TCD,1946,146.59840314
TCD,1986,122.386245274
ETH,2008,64.679209775
MLI,1986,134.468850749
TCD,1980,130.089473778
BFA,1948,183.722022986
SDN,1989,85.280210906
ETH,1987,133.651644955
SDN,1999,72.686258128
TCD,1982,127.837283529
MLI,2021,60.516027628
SDN,2005,66.758785097
SDN,2002,66.93069935
BFA,2007,73.929414468
SDN,1985,108.821398151
ETH,1985,184.224532409
BFA,1962,168.63797516
TCD,1992,113.2666707
TCD,2016,71.014046184
TCD,1952,144.414218473
ETH,1966,157.963762149
BFA,1981,120.963475873
SDN,2008,57.0294582
NER,1990,146.587631323
BFA,1973,154.615124567
BFA,2013,59.753896035
BFA,1985,111.468526664
ETH,2021,38.251233621
SSD,1956,205.317853031
NER,2018,69.44300285
BFA,2004,83.210678256
SOM,2002,104.26295143
SOM,2019,75.733516055
TCD,1981,129.072494055
BFA,1972,157.609630011
SOM,2000,104.26295143
NER,2000,107.663121054
SOM,2018,85.811274529
SSD,2009,82.055488439
SOM,2006,103.811454815
SOM,1995,104.26295143
TCD,1959,142.30873539
BFA,1952,181.250986909
BFA,2012,61.591980889
MLI,2005,87.833696281
TCD,1965,140.012189278
SDN,1987,86.9081873
MLI,1976,171.244268687
SSD,1983,153.052151569
NER,2014,69.138593918
NER,1977,147.341472526
MLI,1967,199.142934335
TCD,2015,72.830174655
BFA,1979,127.22716425
SSD,1962,192.303261905
SSD,1970,174.54015336
BFA,1954,178.972418286
BFA,1956,177.041750471
SDN,1969,89.883010846
MLI,2023,57.553430116
SOM,2010,112.922770323
BFA,1945,185.029549316
SSD,1978,159.845874471
TCD,2002,98.45442757
SOM,2016,82.013314385
TCD,1997,106.753630439
SDN,2015,48.957365086
SOM,2011,215.725652141
BFA,2002,88.274723766
SDN,1979,89.382582189
NER,1987,148.532933024
SDN,1997,76.052950928
SDN,1971,90.115967891
SSD,2012,73.961914784
SDN,1978,89.592314154
SOM,1983,105.780598997
MLI,2001,99.666235481
MLI,1981,151.86114739
SSD,1967,180.824528774
SDN,1981,89.012590894
BFA,2006,77.133930232
SOM,1998,104.26295143
SSD,1981,155.575514446
NER,2009,72.319205988
TCD,1991,114.719906225
TCD,2007,89.044570395
SSD,1966,183.023256638
TCD,1984,125.212301708
TCD,1983,126.583336955
SSD,1964,187.697615763
MLI,2022,58.950300561
ETH,1998,98.96755988
NER,2016,69.314593641
SOM,1994,104.255178636
MLI,2018,65.147517657
ETH,1969,143.075632469
TCD,1947,146.20101878
SOM,1985,106.246300379
SDN,1998,74.432452938
TCD,2022,60.301338567
MLI,1993,118.737250639
SOM,2022,89.921675885
ETH,2001,88.689147551
SSD,1965,185.465641194
BFA,1964,166.325678305
SDN,1966,89.888466462
SSD,1957,203.074556688
SOM,1992,274.034775535
ETH,2020,39.559043551
BFA,1968,162.819244225
BFA,1976,140.809774298
TCD,1977,132.697505989
SOM,2017,96.715087792
SDN,1992,82.411172644
MLI,2008,81.119706259
SSD,1994,138.894297382
SSD,1980,157.156731774
SSD,2001,113.999064799
TCD,1964,140.438300014
MLI,1969,193.901607958
BFA,1975,146.024224824
NER,2012,69.383141118
BFA,1984,113.80873244
MLI,1994,117.081203394
SOM,2020,73.736308403
SOM,1996,104.26295143
MLI,1979,159.38855621
SSD,2022,72.61607316
SDN,1973,90.260444305
SDN,2010,54.516552583
TCD,1953,144.105941699
MLI,1985,137.676759748
BFA,1946,184.399811879
NER,2013,69.196383014
SOM,2005,104.23658914
BFA,2016,54.696082467
TCD,2008,86.994856013
SSD,1989,158.559270084
ETH,1986,180.748091567
ETH,2005,74.364652466
SDN,2016,47.753699148
MLI,1988,128.955954388
BFA,2001,90.477778336
MLI,2015,69.420534237
MLI,1983,144.570053969
BFA,1991,102.515627911
TCD,1993,111.944847053
BFA,1995,100.575407623
BFA,1944,185.647627421
ETH,2004,77.935573923
ETH,1972,144.46829785
SSD,2006,92.624520453
BFA,2020,48.68094809
NER,1978,144.680559163
TCD,2021,61.885928703
TCD,1988,119.371599033
ETH,2007,67.676569924
SDN,1990,84.404558201
SSD,1985,150.927270756
NER,2017,69.352846447
SDN,2023,39.152476258
ETH,2019,40.982506101
BFA,1987,106.876264846
TCD,1951,144.85186475
BFA,1970,160.916051991
NER,2003,94.103380756
MLI,2004,90.510512125
BFA,1969,162.009140806
NER,1994,133.412587297
MLI,1998,108.706446833
NER,1984,144.162133737
SOM,1993,104.298719726
MLI,1974,178.869765781
ETH,1996,106.172753187
ETH,2011,56.815805219
NER,1980,140.544172421
MLI,2019,63.666079934
BFA,2022,46.109330788
NER,2022,68.294250569
SSD,2008,85.451353229
SDN,1977,89.796824213
TCD,2012,78.623006918
TCD,1969,137.629556983
MLI,1989,126.478832723
TCD,2023,58.687529342
ETH,2023,35.741610789
NER,1983,142.183753005
SOM,1991,264.862386414
BFA,1971,159.687381859
ETH,2002,85.141743473
MLI,1977,167.252544769
ETH,1989,129.234991825
BFA,1983,116.142924396
MLI,1990,124.246030012
SSD,1982,154.464604654
ETH,1995,109.968234319
NER,2011,69.908875111
BFA,1967,163.490176299
SSD,1992,165.332668364
SOM,1988,107.694591933
MLI,1991,122.217320224
SDN,2007,58.429745699
SDN,2000,70.789385135
ETH,1992,120.837491938
NER,1985,146.101799882
TCD,2004,94.828326969
MLI,1997,111.229636977
BFA,1974,150.669031262
NER,1975,151.807600224
MLI,1984,141.052482447
SDN,2003,65.039122735
SSD,2003,105.078784163
SOM,1997,104.26295143
SDN,1963,90.644479422
TCD,2020,63.635412268
SOM,2021,71.759334451
MLI,2003,93.373985568
ETH,2013,52.23066253
SSD,1974,166.913306273
NER,2020,69.413161558
TCD,2003,96.619263158
SSD,1961,194.752239402
SDN,2006,59.931412838
SDN,1967,89.809611193
SOM,2004,104.26295143
MLI,1995,115.397171271
SDN,1972,90.193776131
SDN,1955,93.568748571
SDN,1962,90.94644337
BFA,2015,56.284245602
MLI,1978,163.258395809
SSD,1993,163.327726222
SOM,2001,104.26295143
TCD,2011,80.706168538
MLI,2000,102.820901812
SSD,1975,165.052586497
TCD,1985,123.818127022
TCD,2019,65.467495826
SDN,2001,68.875529448
TCD,1972,135.998524285
NER,1969,149.47567627
NER,2007,77.243394362
NER,1970,150.732226608
SSD,1988,472.496397596
TCD,1950,145.182983902
SDN,2013,51.282310959
TCD,1998,105.293718947
BFA,2011,63.549890713
BFA,1960,171.403868676
BFA,1953,180.175974041
NER,1979,142.165861317
ETH,1999,95.570387684
SSD,1977,161.37006559
ETH,1970,143.573212999
SSD,2021,72.61607316
MLI,2002,96.458425491
NER,1996,123.545294814
TCD,2005,92.975287538
ETH,1993,117.448018439
BFA,1955,177.99043926
SOM,1987,107.267301034
SSD,2013,72.92604269
SSD,2018,91.76751595
SSD,2016,164.13567546
SDN,1965,90.075719747
SDN,1958,92.512555934
MLI,1999,105.891661465
NER,1997,119.076652558
SSD,1958,200.723558455
NER,1999,111.323689763
SSD,1973,169.003827646
TCD,1989,117.790398522
TCD,1961,141.726309347
TCD,1955,143.643853552
SOM,2008,101.006137779
BFA,1998,95.989042418
SSD,2017,172.86794066
TCD,1971,136.527848466
